category_id: 1	content: atid
category_id: 2	content: qui
category_id: 3	content: estautem
category_id: 4	content: sunt
category_id: 5	content: est
category_id: 6	content: voluptassimilique
category_id: 7	content: qui
category_id: 8	content: doloribusmollitia
category_id: 9	content: eumsuscipit
category_id: 10	content: molestiasest
category_id: 1	content: quicumque
category_id: 2	content: istedistinctio
category_id: 3	content: vel
category_id: 4	content: neque
category_id: 5	content: et
category_id: 6	content: aut
category_id: 7	content: minusullam
category_id: 8	content: fugitnon
category_id: 9	content: et
category_id: 10	content: eaquo
category_id: 1	content: nam
category_id: 2	content: error
category_id: 3	content: libero
category_id: 4	content: auttempora
category_id: 5	content: aut
category_id: 6	content: quaequaerat
category_id: 7	content: siteius
category_id: 8	content: vitaenobis
category_id: 9	content: voluptatem
category_id: 10	content: consequunturlaboriosam
category_id: 1	content: perferendisenim
category_id: 2	content: autdolor
category_id: 3	content: ipsamnon
category_id: 4	content: evenietnon
category_id: 5	content: errorquia
category_id: 6	content: aliquidfugit
category_id: 7	content: etnesciunt
category_id: 8	content: iurequo
category_id: 9	content: sint
category_id: 10	content: et
category_id: 1	content: quasirerum
category_id: 2	content: et
category_id: 3	content: alias
category_id: 4	content: rationeconsequatur
category_id: 5	content: veritatiseveniet
category_id: 6	content: a
category_id: 7	content: ut
category_id: 8	content: repellenduscumque
category_id: 9	content: animi
category_id: 10	content: eosreiciendis
category_id: 1	content: autemqui
category_id: 2	content: excepturinam
category_id: 3	content: beataequibusdam
category_id: 4	content: nihil
category_id: 5	content: providenteaque
category_id: 6	content: nostrum
category_id: 7	content: quidemsed
category_id: 8	content: tenetur
category_id: 9	content: doloremenim
category_id: 10	content: ea
category_id: 1	content: occaecati
category_id: 2	content: sint
category_id: 3	content: doloreset
category_id: 4	content: est
category_id: 5	content: quod
category_id: 6	content: autearum
category_id: 7	content: ut
category_id: 8	content: necessitatibus
category_id: 9	content: aliquamdeleniti
category_id: 10	content: ut
category_id: 1	content: velitlaborum
category_id: 2	content: molestiaeet
category_id: 3	content: voluptatibusearum
category_id: 4	content: non
category_id: 5	content: non
category_id: 6	content: aliquamducimus
category_id: 7	content: voluptatibusdolor
category_id: 8	content: doloresipsa
category_id: 9	content: ametenim
category_id: 10	content: ased
category_id: 1	content: nihil
category_id: 2	content: dolorumreprehenderit
category_id: 3	content: quaeet
category_id: 4	content: voluptatem
category_id: 5	content: omnisconsequuntur
category_id: 6	content: et
category_id: 7	content: consequatur
category_id: 8	content: autut
category_id: 9	content: hic
category_id: 10	content: consecteturquae
category_id: 1	content: et
category_id: 2	content: alias
category_id: 3	content: enim
category_id: 4	content: exercitationemaut
category_id: 5	content: vel
category_id: 6	content: ut
category_id: 7	content: odio
category_id: 8	content: mollitia
category_id: 9	content: autemvero
category_id: 10	content: dolorum
category_id: 1	content: autemqui
category_id: 2	content: dolor
category_id: 3	content: faceresit
category_id: 4	content: accusantiumid
category_id: 5	content: similiquesint
category_id: 6	content: estsequi
category_id: 7	content: optio
category_id: 8	content: impedit
category_id: 9	content: excepturi
category_id: 10	content: eapraesentium
category_id: 1	content: isteat
category_id: 2	content: oditdelectus
category_id: 3	content: voluptasrepudiandae
category_id: 4	content: tenetur
category_id: 5	content: et
category_id: 6	content: mollitiaquae
category_id: 7	content: estest
category_id: 8	content: aspernaturdeserunt
category_id: 9	content: sedminima
category_id: 10	content: exomnis
category_id: 1	content: nequeconsequatur
category_id: 2	content: eummolestiae
category_id: 3	content: aut
category_id: 4	content: idut
category_id: 5	content: accusantiumvoluptatibus
category_id: 6	content: asperiores
category_id: 7	content: doloressequi
category_id: 8	content: quasi
category_id: 9	content: voluptatibus
category_id: 10	content: possimus
category_id: 1	content: vitae
category_id: 2	content: quisoluta
category_id: 3	content: nulla
category_id: 4	content: beataevoluptas
category_id: 5	content: etaccusantium
category_id: 6	content: autrem
category_id: 7	content: delectus
category_id: 8	content: corruptivoluptatum
category_id: 9	content: cupiditate
category_id: 10	content: impedit
category_id: 1	content: odio
category_id: 2	content: maiores
category_id: 3	content: minus
category_id: 4	content: et
category_id: 5	content: ut
category_id: 6	content: molestiaeatque
category_id: 7	content: omnisbeatae
category_id: 8	content: deserunt
category_id: 9	content: at
category_id: 10	content: cum
category_id: 1	content: quam
category_id: 2	content: estcupiditate
category_id: 3	content: quia
category_id: 4	content: ea
category_id: 5	content: impeditcupiditate
category_id: 6	content: debitisfacere
category_id: 7	content: numquam
category_id: 8	content: vitae
category_id: 9	content: etfuga
category_id: 10	content: voluptasexcepturi
category_id: 1	content: estconsequatur
category_id: 2	content: consequuntur
category_id: 3	content: odio
category_id: 4	content: labore
category_id: 5	content: etqui
category_id: 6	content: quidem
category_id: 7	content: molestiae
category_id: 8	content: undevel
category_id: 9	content: quo
category_id: 10	content: namea
category_id: 1	content: consecteturassumenda
category_id: 2	content: ducimuslabore
category_id: 3	content: autmaiores
category_id: 4	content: ullamid
category_id: 5	content: aut
category_id: 6	content: eos
category_id: 7	content: at
category_id: 8	content: autem
category_id: 9	content: nostrumvoluptatem
category_id: 10	content: quidolore
category_id: 1	content: harum
category_id: 2	content: dolor
category_id: 3	content: solutaet
category_id: 4	content: corruptiquod
category_id: 5	content: quam
category_id: 6	content: tempora
category_id: 7	content: totammaxime
category_id: 8	content: quaerat
category_id: 9	content: possimuseius
category_id: 10	content: enimnisi
category_id: 1	content: repellataspernatur
category_id: 2	content: quaeratomnis
category_id: 3	content: quibusdam
category_id: 4	content: sequi
category_id: 5	content: asperiores
category_id: 6	content: consequatursunt
category_id: 7	content: voluptatem
category_id: 8	content: teneturlaborum
category_id: 9	content: ipsam
category_id: 10	content: facereenim
category_id: 1	content: omnisadipisci
category_id: 2	content: possimus
category_id: 3	content: atque
category_id: 4	content: ducimus
category_id: 5	content: ea
category_id: 6	content: voluptatemratione
category_id: 7	content: atquealiquid
category_id: 8	content: aperiamrerum
category_id: 9	content: atquetempora
category_id: 10	content: rerum
category_id: 1	content: perspiciatisrepellendus
category_id: 2	content: modi
category_id: 3	content: illooptio
category_id: 4	content: dolorem
category_id: 5	content: eanecessitatibus
category_id: 6	content: error
category_id: 7	content: itaque
category_id: 8	content: quibusdamquos
category_id: 9	content: repellat
category_id: 10	content: perferendisconsequatur
category_id: 1	content: minima
category_id: 2	content: corporis
category_id: 3	content: doloremvero
category_id: 4	content: abodit
category_id: 5	content: quascorporis
category_id: 6	content: asperioreseum
category_id: 7	content: voluptatesdolorem
category_id: 8	content: illo
category_id: 9	content: iustoexcepturi
category_id: 10	content: quised
category_id: 1	content: nemomaiores
category_id: 2	content: molestiae
category_id: 3	content: eligendi
category_id: 4	content: aut
category_id: 5	content: exercitationemvelit
category_id: 6	content: autemest
category_id: 7	content: harum
category_id: 8	content: omnisipsam
category_id: 9	content: eavoluptas
category_id: 10	content: estlibero
category_id: 1	content: harumtemporibus
category_id: 2	content: suntexplicabo
category_id: 3	content: consequatursint
category_id: 4	content: nesciuntasperiores
category_id: 5	content: corporis
category_id: 6	content: voluptas
category_id: 7	content: eaquequi
category_id: 8	content: ipsum
category_id: 9	content: explicabo
category_id: 10	content: unde
category_id: 1	content: insaepe
category_id: 2	content: et
category_id: 3	content: et
category_id: 4	content: quam
category_id: 5	content: voluptates
category_id: 6	content: atque
category_id: 7	content: dolorcum
category_id: 8	content: magnam
category_id: 9	content: etrepellendus
category_id: 10	content: quiamet
category_id: 1	content: ut
category_id: 2	content: voluptate
category_id: 3	content: nullaquasi
category_id: 4	content: quoseius
category_id: 5	content: illovitae
category_id: 6	content: perferendistempore
category_id: 7	content: placeat
category_id: 8	content: ipsumenim
category_id: 9	content: ex
category_id: 10	content: laborumest
category_id: 1	content: etqui
category_id: 2	content: eosipsam
category_id: 3	content: blanditiis
category_id: 4	content: utsaepe
category_id: 5	content: eligendi
category_id: 6	content: qui
category_id: 7	content: alias
category_id: 8	content: voluptatum
category_id: 9	content: ducimus
category_id: 10	content: necessitatibus
category_id: 1	content: facere
category_id: 2	content: natus
category_id: 3	content: voluptatemfugit
category_id: 4	content: nulla
category_id: 5	content: laudantiumet
category_id: 6	content: ametiusto
category_id: 7	content: at
category_id: 8	content: aut
category_id: 9	content: id
category_id: 10	content: ut
category_id: 1	content: estvoluptatem
category_id: 2	content: adipiscimaxime
category_id: 3	content: voluptatem
category_id: 4	content: velplaceat
category_id: 5	content: architectodolorem
category_id: 6	content: omnis
category_id: 7	content: ex
category_id: 8	content: quod
category_id: 9	content: dignissimoserror
category_id: 10	content: minima
